colour	x	xend	y	yend	showSelectedlegendcolour	clickSelects
#00BFC4	0	0.17364817766693	1	0.984807753012208	positive	Bacillus, Bradyrhizobium
#F8766D	0	0.342020143325669	1	0.939692620785909	negative	Bacillus, Burkholderia
#00BFC4	0	0.5	1	0.866025403784439	positive	Bacillus, Cellvibrio
#F8766D	0.17364817766693	0.5	0.984807753012208	0.866025403784439	negative	Bradyrhizobium, Cellvibrio
#F8766D	0.342020143325669	0.5	0.939692620785909	0.866025403784439	negative	Burkholderia, Cellvibrio
#F8766D	0	0.642787609686539	1	0.766044443118978	negative	Bacillus, Chitinophaga
#F8766D	0.17364817766693	0.642787609686539	0.984807753012208	0.766044443118978	negative	Bradyrhizobium, Chitinophaga
#00BFC4	0.342020143325669	0.642787609686539	0.939692620785909	0.766044443118978	positive	Burkholderia, Chitinophaga
#00BFC4	0.5	0.642787609686539	0.866025403784439	0.766044443118978	positive	Cellvibrio, Chitinophaga
#00BFC4	0	0.766044443118978	1	0.642787609686539	positive	Bacillus, Flavobacterium
#F8766D	0.17364817766693	0.766044443118978	0.984807753012208	0.642787609686539	negative	Bradyrhizobium, Flavobacterium
#F8766D	0.342020143325669	0.766044443118978	0.939692620785909	0.642787609686539	negative	Burkholderia, Flavobacterium
#00BFC4	0.5	0.766044443118978	0.866025403784439	0.642787609686539	positive	Cellvibrio, Flavobacterium
#00BFC4	0.642787609686539	0.766044443118978	0.766044443118978	0.642787609686539	positive	Chitinophaga, Flavobacterium
#00BFC4	0	0.866025403784439	1	0.5	positive	Bacillus, Gp16
#00BFC4	0.17364817766693	0.866025403784439	0.984807753012208	0.5	positive	Bradyrhizobium, Gp16
#F8766D	0.342020143325669	0.866025403784439	0.939692620785909	0.5	negative	Burkholderia, Gp16
#F8766D	0.5	0.866025403784439	0.866025403784439	0.5	negative	Cellvibrio, Gp16
#F8766D	0.642787609686539	0.866025403784439	0.766044443118978	0.5	negative	Chitinophaga, Gp16
#F8766D	0.766044443118978	0.866025403784439	0.642787609686539	0.5	negative	Flavobacterium, Gp16
#00BFC4	0	0.939692620785908	1	0.342020143325669	positive	Bacillus, Gp6
#00BFC4	0.17364817766693	0.939692620785908	0.984807753012208	0.342020143325669	positive	Bradyrhizobium, Gp6
#F8766D	0.342020143325669	0.939692620785908	0.939692620785909	0.342020143325669	negative	Burkholderia, Gp6
#F8766D	0.5	0.939692620785908	0.866025403784439	0.342020143325669	negative	Cellvibrio, Gp6
#F8766D	0.642787609686539	0.939692620785908	0.766044443118978	0.342020143325669	negative	Chitinophaga, Gp6
#F8766D	0.766044443118978	0.939692620785908	0.642787609686539	0.342020143325669	negative	Flavobacterium, Gp6
#00BFC4	0.866025403784439	0.939692620785908	0.5	0.342020143325669	positive	Gp16, Gp6
#00BFC4	0	0.984807753012208	1	0.17364817766693	positive	Bacillus, Kaistia
#F8766D	0.17364817766693	0.984807753012208	0.984807753012208	0.17364817766693	negative	Bradyrhizobium, Kaistia
#F8766D	0.342020143325669	0.984807753012208	0.939692620785909	0.17364817766693	negative	Burkholderia, Kaistia
#00BFC4	0.5	0.984807753012208	0.866025403784439	0.17364817766693	positive	Cellvibrio, Kaistia
#00BFC4	0.642787609686539	0.984807753012208	0.766044443118978	0.17364817766693	positive	Chitinophaga, Kaistia
#00BFC4	0.766044443118978	0.984807753012208	0.642787609686539	0.17364817766693	positive	Flavobacterium, Kaistia
#F8766D	0.866025403784439	0.984807753012208	0.5	0.17364817766693	negative	Gp16, Kaistia
#F8766D	0.939692620785908	0.984807753012208	0.342020143325669	0.17364817766693	negative	Gp6, Kaistia
#F8766D	0	1	1	6.12303176911189e-17	negative	Bacillus, Labrys
#F8766D	0.17364817766693	1	0.984807753012208	6.12303176911189e-17	negative	Bradyrhizobium, Labrys
#00BFC4	0.5	1	0.866025403784439	6.12303176911189e-17	positive	Cellvibrio, Labrys
#00BFC4	0.642787609686539	1	0.766044443118978	6.12303176911189e-17	positive	Chitinophaga, Labrys
#00BFC4	0.766044443118978	1	0.642787609686539	6.12303176911189e-17	positive	Flavobacterium, Labrys
#F8766D	0.866025403784439	1	0.5	6.12303176911189e-17	negative	Gp16, Labrys
#F8766D	0.939692620785908	1	0.342020143325669	6.12303176911189e-17	negative	Gp6, Labrys
#00BFC4	0.984807753012208	1	0.17364817766693	6.12303176911189e-17	positive	Kaistia, Labrys
#F8766D	0	0.984807753012208	1	-0.17364817766693	negative	Bacillus, Luteibacter
#F8766D	0.17364817766693	0.984807753012208	0.984807753012208	-0.17364817766693	negative	Bradyrhizobium, Luteibacter
#00BFC4	0.342020143325669	0.984807753012208	0.939692620785909	-0.17364817766693	positive	Burkholderia, Luteibacter
#00BFC4	0.642787609686539	0.984807753012208	0.766044443118978	-0.17364817766693	positive	Chitinophaga, Luteibacter
#F8766D	0.766044443118978	0.984807753012208	0.642787609686539	-0.17364817766693	negative	Flavobacterium, Luteibacter
#F8766D	0.866025403784439	0.984807753012208	0.5	-0.17364817766693	negative	Gp16, Luteibacter
#F8766D	0.939692620785908	0.984807753012208	0.342020143325669	-0.17364817766693	negative	Gp6, Luteibacter
#F8766D	0.984807753012208	0.984807753012208	0.17364817766693	-0.17364817766693	negative	Kaistia, Luteibacter
#00BFC4	1	0.984807753012208	6.12303176911189e-17	-0.17364817766693	positive	Labrys, Luteibacter
#F8766D	0.17364817766693	0.939692620785909	0.984807753012208	-0.342020143325669	negative	Bradyrhizobium, Mucilaginibacter
#00BFC4	0.5	0.939692620785909	0.866025403784439	-0.342020143325669	positive	Cellvibrio, Mucilaginibacter
#00BFC4	0.642787609686539	0.939692620785909	0.766044443118978	-0.342020143325669	positive	Chitinophaga, Mucilaginibacter
#00BFC4	0.766044443118978	0.939692620785909	0.642787609686539	-0.342020143325669	positive	Flavobacterium, Mucilaginibacter
#F8766D	0.866025403784439	0.939692620785909	0.5	-0.342020143325669	negative	Gp16, Mucilaginibacter
#F8766D	0.939692620785908	0.939692620785909	0.342020143325669	-0.342020143325669	negative	Gp6, Mucilaginibacter
#00BFC4	0.984807753012208	0.939692620785909	0.17364817766693	-0.342020143325669	positive	Kaistia, Mucilaginibacter
#00BFC4	1	0.939692620785909	6.12303176911189e-17	-0.342020143325669	positive	Labrys, Mucilaginibacter
#00BFC4	0.984807753012208	0.939692620785909	-0.17364817766693	-0.342020143325669	positive	Luteibacter, Mucilaginibacter
#00BFC4	0	0.866025403784439	1	-0.5	positive	Bacillus, Mycobacterium
#F8766D	0.17364817766693	0.866025403784439	0.984807753012208	-0.5	negative	Bradyrhizobium, Mycobacterium
#F8766D	0.342020143325669	0.866025403784439	0.939692620785909	-0.5	negative	Burkholderia, Mycobacterium
#00BFC4	0.5	0.866025403784439	0.866025403784439	-0.5	positive	Cellvibrio, Mycobacterium
#00BFC4	0.766044443118978	0.866025403784439	0.642787609686539	-0.5	positive	Flavobacterium, Mycobacterium
#F8766D	0.866025403784439	0.866025403784439	0.5	-0.5	negative	Gp16, Mycobacterium
#F8766D	0.939692620785908	0.866025403784439	0.342020143325669	-0.5	negative	Gp6, Mycobacterium
#00BFC4	0.984807753012208	0.866025403784439	0.17364817766693	-0.5	positive	Kaistia, Mycobacterium
#00BFC4	1	0.866025403784439	6.12303176911189e-17	-0.5	positive	Labrys, Mycobacterium
#F8766D	0.984807753012208	0.866025403784439	-0.17364817766693	-0.5	negative	Luteibacter, Mycobacterium
#00BFC4	0	0.766044443118978	1	-0.642787609686539	positive	Bacillus, Paenibacillus
#F8766D	0.17364817766693	0.766044443118978	0.984807753012208	-0.642787609686539	negative	Bradyrhizobium, Paenibacillus
#F8766D	0.342020143325669	0.766044443118978	0.939692620785909	-0.642787609686539	negative	Burkholderia, Paenibacillus
#00BFC4	0.5	0.766044443118978	0.866025403784439	-0.642787609686539	positive	Cellvibrio, Paenibacillus
#00BFC4	0.642787609686539	0.766044443118978	0.766044443118978	-0.642787609686539	positive	Chitinophaga, Paenibacillus
#00BFC4	0.766044443118978	0.766044443118978	0.642787609686539	-0.642787609686539	positive	Flavobacterium, Paenibacillus
#F8766D	0.866025403784439	0.766044443118978	0.5	-0.642787609686539	negative	Gp16, Paenibacillus
#F8766D	0.939692620785908	0.766044443118978	0.342020143325669	-0.642787609686539	negative	Gp6, Paenibacillus
#00BFC4	0.984807753012208	0.766044443118978	0.17364817766693	-0.642787609686539	positive	Kaistia, Paenibacillus
#F8766D	0.984807753012208	0.766044443118978	-0.17364817766693	-0.642787609686539	negative	Luteibacter, Paenibacillus
#00BFC4	0.939692620785909	0.766044443118978	-0.342020143325669	-0.642787609686539	positive	Mucilaginibacter, Paenibacillus
#00BFC4	0.866025403784439	0.766044443118978	-0.5	-0.642787609686539	positive	Mycobacterium, Paenibacillus
#F8766D	0.17364817766693	0.64278760968654	0.984807753012208	-0.766044443118978	negative	Bradyrhizobium, Pedobacter
#F8766D	0.342020143325669	0.64278760968654	0.939692620785909	-0.766044443118978	negative	Burkholderia, Pedobacter
#00BFC4	0.5	0.64278760968654	0.866025403784439	-0.766044443118978	positive	Cellvibrio, Pedobacter
#00BFC4	0.642787609686539	0.64278760968654	0.766044443118978	-0.766044443118978	positive	Chitinophaga, Pedobacter
#00BFC4	0.766044443118978	0.64278760968654	0.642787609686539	-0.766044443118978	positive	Flavobacterium, Pedobacter
#F8766D	0.866025403784439	0.64278760968654	0.5	-0.766044443118978	negative	Gp16, Pedobacter
#F8766D	0.939692620785908	0.64278760968654	0.342020143325669	-0.766044443118978	negative	Gp6, Pedobacter
#00BFC4	0.984807753012208	0.64278760968654	0.17364817766693	-0.766044443118978	positive	Kaistia, Pedobacter
#00BFC4	1	0.64278760968654	6.12303176911189e-17	-0.766044443118978	positive	Labrys, Pedobacter
#00BFC4	0.984807753012208	0.64278760968654	-0.17364817766693	-0.766044443118978	positive	Luteibacter, Pedobacter
#00BFC4	0.939692620785909	0.64278760968654	-0.342020143325669	-0.766044443118978	positive	Mucilaginibacter, Pedobacter
#00BFC4	0.866025403784439	0.64278760968654	-0.5	-0.766044443118978	positive	Mycobacterium, Pedobacter
#00BFC4	0.766044443118978	0.64278760968654	-0.642787609686539	-0.766044443118978	positive	Paenibacillus, Pedobacter
#F8766D	0	0.5	1	-0.866025403784439	negative	Bacillus, Pseudomonas
#F8766D	0.17364817766693	0.5	0.984807753012208	-0.866025403784439	negative	Bradyrhizobium, Pseudomonas
#00BFC4	0.342020143325669	0.5	0.939692620785909	-0.866025403784439	positive	Burkholderia, Pseudomonas
#00BFC4	0.5	0.5	0.866025403784439	-0.866025403784439	positive	Cellvibrio, Pseudomonas
#00BFC4	0.642787609686539	0.5	0.766044443118978	-0.866025403784439	positive	Chitinophaga, Pseudomonas
#00BFC4	0.766044443118978	0.5	0.642787609686539	-0.866025403784439	positive	Flavobacterium, Pseudomonas
#F8766D	0.866025403784439	0.5	0.5	-0.866025403784439	negative	Gp16, Pseudomonas
#F8766D	0.939692620785908	0.5	0.342020143325669	-0.866025403784439	negative	Gp6, Pseudomonas
#00BFC4	0.984807753012208	0.5	0.17364817766693	-0.866025403784439	positive	Kaistia, Pseudomonas
#00BFC4	1	0.5	6.12303176911189e-17	-0.866025403784439	positive	Labrys, Pseudomonas
#00BFC4	0.984807753012208	0.5	-0.17364817766693	-0.866025403784439	positive	Luteibacter, Pseudomonas
#00BFC4	0.939692620785909	0.5	-0.342020143325669	-0.866025403784439	positive	Mucilaginibacter, Pseudomonas
#F8766D	0.866025403784439	0.5	-0.5	-0.866025403784439	negative	Mycobacterium, Pseudomonas
#00BFC4	0.766044443118978	0.5	-0.642787609686539	-0.866025403784439	positive	Paenibacillus, Pseudomonas
#00BFC4	0.64278760968654	0.5	-0.766044443118978	-0.866025403784439	positive	Pedobacter, Pseudomonas
#F8766D	0	0.342020143325669	1	-0.939692620785908	negative	Bacillus, Rhizobium
#F8766D	0.17364817766693	0.342020143325669	0.984807753012208	-0.939692620785908	negative	Bradyrhizobium, Rhizobium
#00BFC4	0.342020143325669	0.342020143325669	0.939692620785909	-0.939692620785908	positive	Burkholderia, Rhizobium
#00BFC4	0.5	0.342020143325669	0.866025403784439	-0.939692620785908	positive	Cellvibrio, Rhizobium
#00BFC4	0.642787609686539	0.342020143325669	0.766044443118978	-0.939692620785908	positive	Chitinophaga, Rhizobium
#00BFC4	0.766044443118978	0.342020143325669	0.642787609686539	-0.939692620785908	positive	Flavobacterium, Rhizobium
#F8766D	0.866025403784439	0.342020143325669	0.5	-0.939692620785908	negative	Gp16, Rhizobium
#F8766D	0.939692620785908	0.342020143325669	0.342020143325669	-0.939692620785908	negative	Gp6, Rhizobium
#00BFC4	0.984807753012208	0.342020143325669	0.17364817766693	-0.939692620785908	positive	Kaistia, Rhizobium
#00BFC4	1	0.342020143325669	6.12303176911189e-17	-0.939692620785908	positive	Labrys, Rhizobium
#00BFC4	0.984807753012208	0.342020143325669	-0.17364817766693	-0.939692620785908	positive	Luteibacter, Rhizobium
#00BFC4	0.939692620785909	0.342020143325669	-0.342020143325669	-0.939692620785908	positive	Mucilaginibacter, Rhizobium
#00BFC4	0.766044443118978	0.342020143325669	-0.642787609686539	-0.939692620785908	positive	Paenibacillus, Rhizobium
#00BFC4	0.64278760968654	0.342020143325669	-0.766044443118978	-0.939692620785908	positive	Pedobacter, Rhizobium
#00BFC4	0.5	0.342020143325669	-0.866025403784439	-0.939692620785908	positive	Pseudomonas, Rhizobium
#00BFC4	0	0.17364817766693	1	-0.984807753012208	positive	Bacillus, Spartobacteria_genera_incertae_sedis
#00BFC4	0.17364817766693	0.17364817766693	0.984807753012208	-0.984807753012208	positive	Bradyrhizobium, Spartobacteria_genera_incertae_sedis
#F8766D	0.342020143325669	0.17364817766693	0.939692620785909	-0.984807753012208	negative	Burkholderia, Spartobacteria_genera_incertae_sedis
#F8766D	0.5	0.17364817766693	0.866025403784439	-0.984807753012208	negative	Cellvibrio, Spartobacteria_genera_incertae_sedis
#F8766D	0.642787609686539	0.17364817766693	0.766044443118978	-0.984807753012208	negative	Chitinophaga, Spartobacteria_genera_incertae_sedis
#F8766D	0.766044443118978	0.17364817766693	0.642787609686539	-0.984807753012208	negative	Flavobacterium, Spartobacteria_genera_incertae_sedis
#00BFC4	0.866025403784439	0.17364817766693	0.5	-0.984807753012208	positive	Gp16, Spartobacteria_genera_incertae_sedis
#00BFC4	0.939692620785908	0.17364817766693	0.342020143325669	-0.984807753012208	positive	Gp6, Spartobacteria_genera_incertae_sedis
#F8766D	0.984807753012208	0.17364817766693	0.17364817766693	-0.984807753012208	negative	Kaistia, Spartobacteria_genera_incertae_sedis
#F8766D	1	0.17364817766693	6.12303176911189e-17	-0.984807753012208	negative	Labrys, Spartobacteria_genera_incertae_sedis
#F8766D	0.984807753012208	0.17364817766693	-0.17364817766693	-0.984807753012208	negative	Luteibacter, Spartobacteria_genera_incertae_sedis
#F8766D	0.939692620785909	0.17364817766693	-0.342020143325669	-0.984807753012208	negative	Mucilaginibacter, Spartobacteria_genera_incertae_sedis
#00BFC4	0.866025403784439	0.17364817766693	-0.5	-0.984807753012208	positive	Mycobacterium, Spartobacteria_genera_incertae_sedis
#F8766D	0.766044443118978	0.17364817766693	-0.642787609686539	-0.984807753012208	negative	Paenibacillus, Spartobacteria_genera_incertae_sedis
#F8766D	0.64278760968654	0.17364817766693	-0.766044443118978	-0.984807753012208	negative	Pedobacter, Spartobacteria_genera_incertae_sedis
#F8766D	0.5	0.17364817766693	-0.866025403784439	-0.984807753012208	negative	Pseudomonas, Spartobacteria_genera_incertae_sedis
#F8766D	0.342020143325669	0.17364817766693	-0.939692620785908	-0.984807753012208	negative	Rhizobium, Spartobacteria_genera_incertae_sedis
#F8766D	0	1.22460635382238e-16	1	-1	negative	Bacillus, Sphingomonas
#F8766D	0.17364817766693	1.22460635382238e-16	0.984807753012208	-1	negative	Bradyrhizobium, Sphingomonas
#00BFC4	0.342020143325669	1.22460635382238e-16	0.939692620785909	-1	positive	Burkholderia, Sphingomonas
#F8766D	0.5	1.22460635382238e-16	0.866025403784439	-1	negative	Cellvibrio, Sphingomonas
#00BFC4	0.642787609686539	1.22460635382238e-16	0.766044443118978	-1	positive	Chitinophaga, Sphingomonas
#F8766D	0.766044443118978	1.22460635382238e-16	0.642787609686539	-1	negative	Flavobacterium, Sphingomonas
#F8766D	0.866025403784439	1.22460635382238e-16	0.5	-1	negative	Gp16, Sphingomonas
#F8766D	0.939692620785908	1.22460635382238e-16	0.342020143325669	-1	negative	Gp6, Sphingomonas
#F8766D	0.984807753012208	1.22460635382238e-16	0.17364817766693	-1	negative	Kaistia, Sphingomonas
#00BFC4	0.984807753012208	1.22460635382238e-16	-0.17364817766693	-1	positive	Luteibacter, Sphingomonas
#00BFC4	0.939692620785909	1.22460635382238e-16	-0.342020143325669	-1	positive	Mucilaginibacter, Sphingomonas
#F8766D	0.866025403784439	1.22460635382238e-16	-0.5	-1	negative	Mycobacterium, Sphingomonas
#F8766D	0.766044443118978	1.22460635382238e-16	-0.642787609686539	-1	negative	Paenibacillus, Sphingomonas
#00BFC4	0.5	1.22460635382238e-16	-0.866025403784439	-1	positive	Pseudomonas, Sphingomonas
#00BFC4	0.342020143325669	1.22460635382238e-16	-0.939692620785908	-1	positive	Rhizobium, Sphingomonas
#F8766D	0.17364817766693	1.22460635382238e-16	-0.984807753012208	-1	negative	Spartobacteria_genera_incertae_sedis, Sphingomonas
#F8766D	0	-0.17364817766693	1	-0.984807753012208	negative	Bacillus, Absidia
#F8766D	0.766044443118978	-0.17364817766693	0.642787609686539	-0.984807753012208	negative	Flavobacterium, Absidia
#00BFC4	0.984807753012208	-0.17364817766693	0.17364817766693	-0.984807753012208	positive	Kaistia, Absidia
#F8766D	0.939692620785909	-0.17364817766693	-0.342020143325669	-0.984807753012208	negative	Mucilaginibacter, Absidia
#00BFC4	0.866025403784439	-0.17364817766693	-0.5	-0.984807753012208	positive	Mycobacterium, Absidia
#00BFC4	0.766044443118978	-0.17364817766693	-0.642787609686539	-0.984807753012208	positive	Paenibacillus, Absidia
#00BFC4	0.17364817766693	-0.342020143325669	0.984807753012208	-0.939692620785909	positive	Bradyrhizobium, Amphinema
#F8766D	0.5	-0.342020143325669	0.866025403784439	-0.939692620785909	negative	Cellvibrio, Amphinema
#F8766D	0.642787609686539	-0.342020143325669	0.766044443118978	-0.939692620785909	negative	Chitinophaga, Amphinema
#00BFC4	0.866025403784439	-0.342020143325669	0.5	-0.939692620785909	positive	Gp16, Amphinema
#00BFC4	0.939692620785908	-0.342020143325669	0.342020143325669	-0.939692620785909	positive	Gp6, Amphinema
#F8766D	0.984807753012208	-0.342020143325669	0.17364817766693	-0.939692620785909	negative	Kaistia, Amphinema
#F8766D	1	-0.342020143325669	6.12303176911189e-17	-0.939692620785909	negative	Labrys, Amphinema
#F8766D	0.984807753012208	-0.342020143325669	-0.17364817766693	-0.939692620785909	negative	Luteibacter, Amphinema
#F8766D	0.939692620785909	-0.342020143325669	-0.342020143325669	-0.939692620785909	negative	Mucilaginibacter, Amphinema
#F8766D	0.766044443118978	-0.342020143325669	-0.642787609686539	-0.939692620785909	negative	Paenibacillus, Amphinema
#F8766D	0.64278760968654	-0.342020143325669	-0.766044443118978	-0.939692620785909	negative	Pedobacter, Amphinema
#F8766D	0.5	-0.342020143325669	-0.866025403784439	-0.939692620785909	negative	Pseudomonas, Amphinema
#F8766D	0.342020143325669	-0.342020143325669	-0.939692620785908	-0.939692620785909	negative	Rhizobium, Amphinema
#00BFC4	0.17364817766693	-0.342020143325669	-0.984807753012208	-0.939692620785909	positive	Spartobacteria_genera_incertae_sedis, Amphinema
#F8766D	1.22460635382238e-16	-0.342020143325669	-1	-0.939692620785909	negative	Sphingomonas, Amphinema
#F8766D	-0.17364817766693	-0.342020143325669	-0.984807753012208	-0.939692620785909	negative	Absidia, Amphinema
#00BFC4	0.17364817766693	-0.5	0.984807753012208	-0.866025403784439	positive	Bradyrhizobium, Cenococcum
#F8766D	0.5	-0.5	0.866025403784439	-0.866025403784439	negative	Cellvibrio, Cenococcum
#F8766D	0.642787609686539	-0.5	0.766044443118978	-0.866025403784439	negative	Chitinophaga, Cenococcum
#F8766D	0.766044443118978	-0.5	0.642787609686539	-0.866025403784439	negative	Flavobacterium, Cenococcum
#00BFC4	0.866025403784439	-0.5	0.5	-0.866025403784439	positive	Gp16, Cenococcum
#00BFC4	0.939692620785908	-0.5	0.342020143325669	-0.866025403784439	positive	Gp6, Cenococcum
#F8766D	0.984807753012208	-0.5	0.17364817766693	-0.866025403784439	negative	Kaistia, Cenococcum
#F8766D	1	-0.5	6.12303176911189e-17	-0.866025403784439	negative	Labrys, Cenococcum
#F8766D	0.984807753012208	-0.5	-0.17364817766693	-0.866025403784439	negative	Luteibacter, Cenococcum
#F8766D	0.939692620785909	-0.5	-0.342020143325669	-0.866025403784439	negative	Mucilaginibacter, Cenococcum
#F8766D	0.866025403784439	-0.5	-0.5	-0.866025403784439	negative	Mycobacterium, Cenococcum
#F8766D	0.766044443118978	-0.5	-0.642787609686539	-0.866025403784439	negative	Paenibacillus, Cenococcum
#F8766D	0.64278760968654	-0.5	-0.766044443118978	-0.866025403784439	negative	Pedobacter, Cenococcum
#F8766D	0.5	-0.5	-0.866025403784439	-0.866025403784439	negative	Pseudomonas, Cenococcum
#F8766D	0.342020143325669	-0.5	-0.939692620785908	-0.866025403784439	negative	Rhizobium, Cenococcum
#00BFC4	0.17364817766693	-0.5	-0.984807753012208	-0.866025403784439	positive	Spartobacteria_genera_incertae_sedis, Cenococcum
#F8766D	1.22460635382238e-16	-0.5	-1	-0.866025403784439	negative	Sphingomonas, Cenococcum
#F8766D	-0.17364817766693	-0.5	-0.984807753012208	-0.866025403784439	negative	Absidia, Cenococcum
#00BFC4	-0.342020143325669	-0.5	-0.939692620785909	-0.866025403784439	positive	Amphinema, Cenococcum
#F8766D	0	-0.642787609686539	1	-0.766044443118978	negative	Bacillus, Chaetomium
#F8766D	0.17364817766693	-0.642787609686539	0.984807753012208	-0.766044443118978	negative	Bradyrhizobium, Chaetomium
#F8766D	0.342020143325669	-0.642787609686539	0.939692620785909	-0.766044443118978	negative	Burkholderia, Chaetomium
#00BFC4	0.5	-0.642787609686539	0.866025403784439	-0.766044443118978	positive	Cellvibrio, Chaetomium
#00BFC4	0.642787609686539	-0.642787609686539	0.766044443118978	-0.766044443118978	positive	Chitinophaga, Chaetomium
#00BFC4	0.766044443118978	-0.642787609686539	0.642787609686539	-0.766044443118978	positive	Flavobacterium, Chaetomium
#F8766D	0.866025403784439	-0.642787609686539	0.5	-0.766044443118978	negative	Gp16, Chaetomium
#F8766D	0.939692620785908	-0.642787609686539	0.342020143325669	-0.766044443118978	negative	Gp6, Chaetomium
#00BFC4	0.984807753012208	-0.642787609686539	0.17364817766693	-0.766044443118978	positive	Kaistia, Chaetomium
#00BFC4	1	-0.642787609686539	6.12303176911189e-17	-0.766044443118978	positive	Labrys, Chaetomium
#00BFC4	0.984807753012208	-0.642787609686539	-0.17364817766693	-0.766044443118978	positive	Luteibacter, Chaetomium
#00BFC4	0.939692620785909	-0.642787609686539	-0.342020143325669	-0.766044443118978	positive	Mucilaginibacter, Chaetomium
#00BFC4	0.866025403784439	-0.642787609686539	-0.5	-0.766044443118978	positive	Mycobacterium, Chaetomium
#00BFC4	0.766044443118978	-0.642787609686539	-0.642787609686539	-0.766044443118978	positive	Paenibacillus, Chaetomium
#00BFC4	0.64278760968654	-0.642787609686539	-0.766044443118978	-0.766044443118978	positive	Pedobacter, Chaetomium
#00BFC4	0.5	-0.642787609686539	-0.866025403784439	-0.766044443118978	positive	Pseudomonas, Chaetomium
#00BFC4	0.342020143325669	-0.642787609686539	-0.939692620785908	-0.766044443118978	positive	Rhizobium, Chaetomium
#F8766D	0.17364817766693	-0.642787609686539	-0.984807753012208	-0.766044443118978	negative	Spartobacteria_genera_incertae_sedis, Chaetomium
#F8766D	1.22460635382238e-16	-0.642787609686539	-1	-0.766044443118978	negative	Sphingomonas, Chaetomium
#00BFC4	-0.17364817766693	-0.642787609686539	-0.984807753012208	-0.766044443118978	positive	Absidia, Chaetomium
#F8766D	-0.342020143325669	-0.642787609686539	-0.939692620785909	-0.766044443118978	negative	Amphinema, Chaetomium
#F8766D	-0.5	-0.642787609686539	-0.866025403784439	-0.766044443118978	negative	Cenococcum, Chaetomium
#F8766D	0.17364817766693	-0.766044443118978	0.984807753012208	-0.64278760968654	negative	Bradyrhizobium, Cryptococcus
#00BFC4	0.342020143325669	-0.766044443118978	0.939692620785909	-0.64278760968654	positive	Burkholderia, Cryptococcus
#00BFC4	0.5	-0.766044443118978	0.866025403784439	-0.64278760968654	positive	Cellvibrio, Cryptococcus
#00BFC4	0.642787609686539	-0.766044443118978	0.766044443118978	-0.64278760968654	positive	Chitinophaga, Cryptococcus
#00BFC4	0.766044443118978	-0.766044443118978	0.642787609686539	-0.64278760968654	positive	Flavobacterium, Cryptococcus
#F8766D	0.866025403784439	-0.766044443118978	0.5	-0.64278760968654	negative	Gp16, Cryptococcus
#F8766D	0.939692620785908	-0.766044443118978	0.342020143325669	-0.64278760968654	negative	Gp6, Cryptococcus
#00BFC4	0.984807753012208	-0.766044443118978	0.17364817766693	-0.64278760968654	positive	Kaistia, Cryptococcus
#00BFC4	1	-0.766044443118978	6.12303176911189e-17	-0.64278760968654	positive	Labrys, Cryptococcus
#00BFC4	0.984807753012208	-0.766044443118978	-0.17364817766693	-0.64278760968654	positive	Luteibacter, Cryptococcus
#00BFC4	0.939692620785909	-0.766044443118978	-0.342020143325669	-0.64278760968654	positive	Mucilaginibacter, Cryptococcus
#00BFC4	0.866025403784439	-0.766044443118978	-0.5	-0.64278760968654	positive	Mycobacterium, Cryptococcus
#00BFC4	0.766044443118978	-0.766044443118978	-0.642787609686539	-0.64278760968654	positive	Paenibacillus, Cryptococcus
#00BFC4	0.64278760968654	-0.766044443118978	-0.766044443118978	-0.64278760968654	positive	Pedobacter, Cryptococcus
#00BFC4	0.5	-0.766044443118978	-0.866025403784439	-0.64278760968654	positive	Pseudomonas, Cryptococcus
#00BFC4	0.342020143325669	-0.766044443118978	-0.939692620785908	-0.64278760968654	positive	Rhizobium, Cryptococcus
#F8766D	0.17364817766693	-0.766044443118978	-0.984807753012208	-0.64278760968654	negative	Spartobacteria_genera_incertae_sedis, Cryptococcus
#00BFC4	1.22460635382238e-16	-0.766044443118978	-1	-0.64278760968654	positive	Sphingomonas, Cryptococcus
#F8766D	-0.342020143325669	-0.766044443118978	-0.939692620785909	-0.64278760968654	negative	Amphinema, Cryptococcus
#F8766D	-0.5	-0.766044443118978	-0.866025403784439	-0.64278760968654	negative	Cenococcum, Cryptococcus
#00BFC4	-0.642787609686539	-0.766044443118978	-0.766044443118978	-0.64278760968654	positive	Chaetomium, Cryptococcus
#00BFC4	0	-0.866025403784438	1	-0.5	positive	Bacillus, Inocybe
#00BFC4	0.17364817766693	-0.866025403784438	0.984807753012208	-0.5	positive	Bradyrhizobium, Inocybe
#F8766D	0.342020143325669	-0.866025403784438	0.939692620785909	-0.5	negative	Burkholderia, Inocybe
#F8766D	0.5	-0.866025403784438	0.866025403784439	-0.5	negative	Cellvibrio, Inocybe
#F8766D	0.642787609686539	-0.866025403784438	0.766044443118978	-0.5	negative	Chitinophaga, Inocybe
#F8766D	0.766044443118978	-0.866025403784438	0.642787609686539	-0.5	negative	Flavobacterium, Inocybe
#00BFC4	0.866025403784439	-0.866025403784438	0.5	-0.5	positive	Gp16, Inocybe
#00BFC4	0.939692620785908	-0.866025403784438	0.342020143325669	-0.5	positive	Gp6, Inocybe
#F8766D	0.984807753012208	-0.866025403784438	0.17364817766693	-0.5	negative	Kaistia, Inocybe
#F8766D	1	-0.866025403784438	6.12303176911189e-17	-0.5	negative	Labrys, Inocybe
#F8766D	0.984807753012208	-0.866025403784438	-0.17364817766693	-0.5	negative	Luteibacter, Inocybe
#F8766D	0.939692620785909	-0.866025403784438	-0.342020143325669	-0.5	negative	Mucilaginibacter, Inocybe
#F8766D	0.866025403784439	-0.866025403784438	-0.5	-0.5	negative	Mycobacterium, Inocybe
#F8766D	0.766044443118978	-0.866025403784438	-0.642787609686539	-0.5	negative	Paenibacillus, Inocybe
#F8766D	0.64278760968654	-0.866025403784438	-0.766044443118978	-0.5	negative	Pedobacter, Inocybe
#F8766D	0.5	-0.866025403784438	-0.866025403784439	-0.5	negative	Pseudomonas, Inocybe
#F8766D	0.342020143325669	-0.866025403784438	-0.939692620785908	-0.5	negative	Rhizobium, Inocybe
#00BFC4	0.17364817766693	-0.866025403784438	-0.984807753012208	-0.5	positive	Spartobacteria_genera_incertae_sedis, Inocybe
#F8766D	1.22460635382238e-16	-0.866025403784438	-1	-0.5	negative	Sphingomonas, Inocybe
#00BFC4	-0.342020143325669	-0.866025403784438	-0.939692620785909	-0.5	positive	Amphinema, Inocybe
#00BFC4	-0.5	-0.866025403784438	-0.866025403784439	-0.5	positive	Cenococcum, Inocybe
#F8766D	-0.642787609686539	-0.866025403784438	-0.766044443118978	-0.5	negative	Chaetomium, Inocybe
#F8766D	-0.766044443118978	-0.866025403784438	-0.64278760968654	-0.5	negative	Cryptococcus, Inocybe
#F8766D	0	-0.939692620785909	1	-0.342020143325669	negative	Bacillus, Metarhizium
#F8766D	0.17364817766693	-0.939692620785909	0.984807753012208	-0.342020143325669	negative	Bradyrhizobium, Metarhizium
#00BFC4	0.642787609686539	-0.939692620785909	0.766044443118978	-0.342020143325669	positive	Chitinophaga, Metarhizium
#F8766D	0.866025403784439	-0.939692620785909	0.5	-0.342020143325669	negative	Gp16, Metarhizium
#F8766D	0.939692620785908	-0.939692620785909	0.342020143325669	-0.342020143325669	negative	Gp6, Metarhizium
#00BFC4	0.984807753012208	-0.939692620785909	-0.17364817766693	-0.342020143325669	positive	Luteibacter, Metarhizium
#00BFC4	0.939692620785909	-0.939692620785909	-0.342020143325669	-0.342020143325669	positive	Mucilaginibacter, Metarhizium
#00BFC4	0.766044443118978	-0.939692620785909	-0.642787609686539	-0.342020143325669	positive	Paenibacillus, Metarhizium
#00BFC4	0.64278760968654	-0.939692620785909	-0.766044443118978	-0.342020143325669	positive	Pedobacter, Metarhizium
#00BFC4	0.5	-0.939692620785909	-0.866025403784439	-0.342020143325669	positive	Pseudomonas, Metarhizium
#00BFC4	0.342020143325669	-0.939692620785909	-0.939692620785908	-0.342020143325669	positive	Rhizobium, Metarhizium
#F8766D	0.17364817766693	-0.939692620785909	-0.984807753012208	-0.342020143325669	negative	Spartobacteria_genera_incertae_sedis, Metarhizium
#00BFC4	1.22460635382238e-16	-0.939692620785909	-1	-0.342020143325669	positive	Sphingomonas, Metarhizium
#00BFC4	-0.17364817766693	-0.939692620785909	-0.984807753012208	-0.342020143325669	positive	Absidia, Metarhizium
#F8766D	-0.342020143325669	-0.939692620785909	-0.939692620785909	-0.342020143325669	negative	Amphinema, Metarhizium
#F8766D	-0.5	-0.939692620785909	-0.866025403784439	-0.342020143325669	negative	Cenococcum, Metarhizium
#00BFC4	-0.642787609686539	-0.939692620785909	-0.766044443118978	-0.342020143325669	positive	Chaetomium, Metarhizium
#00BFC4	-0.766044443118978	-0.939692620785909	-0.64278760968654	-0.342020143325669	positive	Cryptococcus, Metarhizium
#F8766D	-0.866025403784438	-0.939692620785909	-0.5	-0.342020143325669	negative	Inocybe, Metarhizium
#00BFC4	0	-0.984807753012208	1	-0.17364817766693	positive	Bacillus, Mortierella
#F8766D	0.17364817766693	-0.984807753012208	0.984807753012208	-0.17364817766693	negative	Bradyrhizobium, Mortierella
#00BFC4	0.5	-0.984807753012208	0.866025403784439	-0.17364817766693	positive	Cellvibrio, Mortierella
#00BFC4	0.642787609686539	-0.984807753012208	0.766044443118978	-0.17364817766693	positive	Chitinophaga, Mortierella
#00BFC4	0.766044443118978	-0.984807753012208	0.642787609686539	-0.17364817766693	positive	Flavobacterium, Mortierella
#F8766D	0.866025403784439	-0.984807753012208	0.5	-0.17364817766693	negative	Gp16, Mortierella
#F8766D	0.939692620785908	-0.984807753012208	0.342020143325669	-0.17364817766693	negative	Gp6, Mortierella
#00BFC4	0.984807753012208	-0.984807753012208	0.17364817766693	-0.17364817766693	positive	Kaistia, Mortierella
#00BFC4	1	-0.984807753012208	6.12303176911189e-17	-0.17364817766693	positive	Labrys, Mortierella
#00BFC4	0.866025403784439	-0.984807753012208	-0.5	-0.17364817766693	positive	Mycobacterium, Mortierella
#00BFC4	0.766044443118978	-0.984807753012208	-0.642787609686539	-0.17364817766693	positive	Paenibacillus, Mortierella
#00BFC4	0.64278760968654	-0.984807753012208	-0.766044443118978	-0.17364817766693	positive	Pedobacter, Mortierella
#00BFC4	0.5	-0.984807753012208	-0.866025403784439	-0.17364817766693	positive	Pseudomonas, Mortierella
#00BFC4	0.342020143325669	-0.984807753012208	-0.939692620785908	-0.17364817766693	positive	Rhizobium, Mortierella
#F8766D	0.17364817766693	-0.984807753012208	-0.984807753012208	-0.17364817766693	negative	Spartobacteria_genera_incertae_sedis, Mortierella
#00BFC4	-0.17364817766693	-0.984807753012208	-0.984807753012208	-0.17364817766693	positive	Absidia, Mortierella
#F8766D	-0.342020143325669	-0.984807753012208	-0.939692620785909	-0.17364817766693	negative	Amphinema, Mortierella
#F8766D	-0.5	-0.984807753012208	-0.866025403784439	-0.17364817766693	negative	Cenococcum, Mortierella
#00BFC4	-0.642787609686539	-0.984807753012208	-0.766044443118978	-0.17364817766693	positive	Chaetomium, Mortierella
#F8766D	-0.866025403784438	-0.984807753012208	-0.5	-0.17364817766693	negative	Inocybe, Mortierella
#00BFC4	-0.939692620785909	-0.984807753012208	-0.342020143325669	-0.17364817766693	positive	Metarhizium, Mortierella
#F8766D	0	-1	1	-1.83690953073357e-16	negative	Bacillus, Mucor
#F8766D	0.17364817766693	-1	0.984807753012208	-1.83690953073357e-16	negative	Bradyrhizobium, Mucor
#00BFC4	0.342020143325669	-1	0.939692620785909	-1.83690953073357e-16	positive	Burkholderia, Mucor
#00BFC4	0.5	-1	0.866025403784439	-1.83690953073357e-16	positive	Cellvibrio, Mucor
#00BFC4	0.642787609686539	-1	0.766044443118978	-1.83690953073357e-16	positive	Chitinophaga, Mucor
#F8766D	0.766044443118978	-1	0.642787609686539	-1.83690953073357e-16	negative	Flavobacterium, Mucor
#F8766D	0.866025403784439	-1	0.5	-1.83690953073357e-16	negative	Gp16, Mucor
#F8766D	0.939692620785908	-1	0.342020143325669	-1.83690953073357e-16	negative	Gp6, Mucor
#F8766D	0.984807753012208	-1	0.17364817766693	-1.83690953073357e-16	negative	Kaistia, Mucor
#00BFC4	1	-1	6.12303176911189e-17	-1.83690953073357e-16	positive	Labrys, Mucor
#00BFC4	0.984807753012208	-1	-0.17364817766693	-1.83690953073357e-16	positive	Luteibacter, Mucor
#F8766D	0.939692620785909	-1	-0.342020143325669	-1.83690953073357e-16	negative	Mucilaginibacter, Mucor
#00BFC4	0.866025403784439	-1	-0.5	-1.83690953073357e-16	positive	Mycobacterium, Mucor
#F8766D	0.766044443118978	-1	-0.642787609686539	-1.83690953073357e-16	negative	Paenibacillus, Mucor
#00BFC4	0.64278760968654	-1	-0.766044443118978	-1.83690953073357e-16	positive	Pedobacter, Mucor
#00BFC4	0.5	-1	-0.866025403784439	-1.83690953073357e-16	positive	Pseudomonas, Mucor
#00BFC4	0.342020143325669	-1	-0.939692620785908	-1.83690953073357e-16	positive	Rhizobium, Mucor
#00BFC4	1.22460635382238e-16	-1	-1	-1.83690953073357e-16	positive	Sphingomonas, Mucor
#00BFC4	-0.17364817766693	-1	-0.984807753012208	-1.83690953073357e-16	positive	Absidia, Mucor
#F8766D	-0.342020143325669	-1	-0.939692620785909	-1.83690953073357e-16	negative	Amphinema, Mucor
#F8766D	-0.5	-1	-0.866025403784439	-1.83690953073357e-16	negative	Cenococcum, Mucor
#00BFC4	-0.642787609686539	-1	-0.766044443118978	-1.83690953073357e-16	positive	Chaetomium, Mucor
#00BFC4	-0.766044443118978	-1	-0.64278760968654	-1.83690953073357e-16	positive	Cryptococcus, Mucor
#00BFC4	-0.984807753012208	-1	-0.17364817766693	-1.83690953073357e-16	positive	Mortierella, Mucor
#F8766D	0.17364817766693	-0.984807753012208	0.984807753012208	0.17364817766693	negative	Bradyrhizobium, Ovicillium
#F8766D	0.342020143325669	-0.984807753012208	0.939692620785909	0.17364817766693	negative	Burkholderia, Ovicillium
#00BFC4	0.5	-0.984807753012208	0.866025403784439	0.17364817766693	positive	Cellvibrio, Ovicillium
#00BFC4	0.642787609686539	-0.984807753012208	0.766044443118978	0.17364817766693	positive	Chitinophaga, Ovicillium
#00BFC4	0.766044443118978	-0.984807753012208	0.642787609686539	0.17364817766693	positive	Flavobacterium, Ovicillium
#F8766D	0.866025403784439	-0.984807753012208	0.5	0.17364817766693	negative	Gp16, Ovicillium
#F8766D	0.939692620785908	-0.984807753012208	0.342020143325669	0.17364817766693	negative	Gp6, Ovicillium
#00BFC4	0.984807753012208	-0.984807753012208	0.17364817766693	0.17364817766693	positive	Kaistia, Ovicillium
#00BFC4	1	-0.984807753012208	6.12303176911189e-17	0.17364817766693	positive	Labrys, Ovicillium
#00BFC4	0.984807753012208	-0.984807753012208	-0.17364817766693	0.17364817766693	positive	Luteibacter, Ovicillium
#00BFC4	0.939692620785909	-0.984807753012208	-0.342020143325669	0.17364817766693	positive	Mucilaginibacter, Ovicillium
#00BFC4	0.866025403784439	-0.984807753012208	-0.5	0.17364817766693	positive	Mycobacterium, Ovicillium
#00BFC4	0.766044443118978	-0.984807753012208	-0.642787609686539	0.17364817766693	positive	Paenibacillus, Ovicillium
#00BFC4	0.64278760968654	-0.984807753012208	-0.766044443118978	0.17364817766693	positive	Pedobacter, Ovicillium
#00BFC4	0.5	-0.984807753012208	-0.866025403784439	0.17364817766693	positive	Pseudomonas, Ovicillium
#00BFC4	0.342020143325669	-0.984807753012208	-0.939692620785908	0.17364817766693	positive	Rhizobium, Ovicillium
#F8766D	0.17364817766693	-0.984807753012208	-0.984807753012208	0.17364817766693	negative	Spartobacteria_genera_incertae_sedis, Ovicillium
#F8766D	1.22460635382238e-16	-0.984807753012208	-1	0.17364817766693	negative	Sphingomonas, Ovicillium
#F8766D	-0.342020143325669	-0.984807753012208	-0.939692620785909	0.17364817766693	negative	Amphinema, Ovicillium
#F8766D	-0.5	-0.984807753012208	-0.866025403784439	0.17364817766693	negative	Cenococcum, Ovicillium
#00BFC4	-0.642787609686539	-0.984807753012208	-0.766044443118978	0.17364817766693	positive	Chaetomium, Ovicillium
#00BFC4	-0.766044443118978	-0.984807753012208	-0.64278760968654	0.17364817766693	positive	Cryptococcus, Ovicillium
#F8766D	-0.866025403784438	-0.984807753012208	-0.5	0.17364817766693	negative	Inocybe, Ovicillium
#00BFC4	-0.939692620785909	-0.984807753012208	-0.342020143325669	0.17364817766693	positive	Metarhizium, Ovicillium
#00BFC4	-0.984807753012208	-0.984807753012208	-0.17364817766693	0.17364817766693	positive	Mortierella, Ovicillium
#00BFC4	-1	-0.984807753012208	-1.83690953073357e-16	0.17364817766693	positive	Mucor, Ovicillium
#00BFC4	0	-0.939692620785908	1	0.342020143325669	positive	Bacillus, Penicillium
#00BFC4	0.17364817766693	-0.939692620785908	0.984807753012208	0.342020143325669	positive	Bradyrhizobium, Penicillium
#F8766D	0.342020143325669	-0.939692620785908	0.939692620785909	0.342020143325669	negative	Burkholderia, Penicillium
#F8766D	0.5	-0.939692620785908	0.866025403784439	0.342020143325669	negative	Cellvibrio, Penicillium
#F8766D	0.642787609686539	-0.939692620785908	0.766044443118978	0.342020143325669	negative	Chitinophaga, Penicillium
#F8766D	0.766044443118978	-0.939692620785908	0.642787609686539	0.342020143325669	negative	Flavobacterium, Penicillium
#00BFC4	0.866025403784439	-0.939692620785908	0.5	0.342020143325669	positive	Gp16, Penicillium
#00BFC4	0.939692620785908	-0.939692620785908	0.342020143325669	0.342020143325669	positive	Gp6, Penicillium
#F8766D	0.984807753012208	-0.939692620785908	0.17364817766693	0.342020143325669	negative	Kaistia, Penicillium
#F8766D	1	-0.939692620785908	6.12303176911189e-17	0.342020143325669	negative	Labrys, Penicillium
#F8766D	0.984807753012208	-0.939692620785908	-0.17364817766693	0.342020143325669	negative	Luteibacter, Penicillium
#F8766D	0.939692620785909	-0.939692620785908	-0.342020143325669	0.342020143325669	negative	Mucilaginibacter, Penicillium
#F8766D	0.866025403784439	-0.939692620785908	-0.5	0.342020143325669	negative	Mycobacterium, Penicillium
#F8766D	0.766044443118978	-0.939692620785908	-0.642787609686539	0.342020143325669	negative	Paenibacillus, Penicillium
#F8766D	0.64278760968654	-0.939692620785908	-0.766044443118978	0.342020143325669	negative	Pedobacter, Penicillium
#F8766D	0.5	-0.939692620785908	-0.866025403784439	0.342020143325669	negative	Pseudomonas, Penicillium
#F8766D	0.342020143325669	-0.939692620785908	-0.939692620785908	0.342020143325669	negative	Rhizobium, Penicillium
#00BFC4	0.17364817766693	-0.939692620785908	-0.984807753012208	0.342020143325669	positive	Spartobacteria_genera_incertae_sedis, Penicillium
#F8766D	1.22460635382238e-16	-0.939692620785908	-1	0.342020143325669	negative	Sphingomonas, Penicillium
#00BFC4	-0.342020143325669	-0.939692620785908	-0.939692620785909	0.342020143325669	positive	Amphinema, Penicillium
#00BFC4	-0.5	-0.939692620785908	-0.866025403784439	0.342020143325669	positive	Cenococcum, Penicillium
#F8766D	-0.642787609686539	-0.939692620785908	-0.766044443118978	0.342020143325669	negative	Chaetomium, Penicillium
#F8766D	-0.766044443118978	-0.939692620785908	-0.64278760968654	0.342020143325669	negative	Cryptococcus, Penicillium
#00BFC4	-0.866025403784438	-0.939692620785908	-0.5	0.342020143325669	positive	Inocybe, Penicillium
#F8766D	-0.939692620785909	-0.939692620785908	-0.342020143325669	0.342020143325669	negative	Metarhizium, Penicillium
#F8766D	-0.984807753012208	-0.939692620785908	-0.17364817766693	0.342020143325669	negative	Mortierella, Penicillium
#F8766D	-1	-0.939692620785908	-1.83690953073357e-16	0.342020143325669	negative	Mucor, Penicillium
#F8766D	-0.984807753012208	-0.939692620785908	0.17364817766693	0.342020143325669	negative	Ovicillium, Penicillium
#F8766D	0	-0.866025403784439	1	0.499999999999999	negative	Bacillus, Phialocephala
#00BFC4	0.17364817766693	-0.866025403784439	0.984807753012208	0.499999999999999	positive	Bradyrhizobium, Phialocephala
#00BFC4	0.342020143325669	-0.866025403784439	0.939692620785909	0.499999999999999	positive	Burkholderia, Phialocephala
#F8766D	0.5	-0.866025403784439	0.866025403784439	0.499999999999999	negative	Cellvibrio, Phialocephala
#00BFC4	0.642787609686539	-0.866025403784439	0.766044443118978	0.499999999999999	positive	Chitinophaga, Phialocephala
#F8766D	0.766044443118978	-0.866025403784439	0.642787609686539	0.499999999999999	negative	Flavobacterium, Phialocephala
#00BFC4	0.866025403784439	-0.866025403784439	0.5	0.499999999999999	positive	Gp16, Phialocephala
#00BFC4	0.939692620785908	-0.866025403784439	0.342020143325669	0.499999999999999	positive	Gp6, Phialocephala
#F8766D	0.984807753012208	-0.866025403784439	0.17364817766693	0.499999999999999	negative	Kaistia, Phialocephala
#F8766D	1	-0.866025403784439	6.12303176911189e-17	0.499999999999999	negative	Labrys, Phialocephala
#00BFC4	0.984807753012208	-0.866025403784439	-0.17364817766693	0.499999999999999	positive	Luteibacter, Phialocephala
#F8766D	0.866025403784439	-0.866025403784439	-0.5	0.499999999999999	negative	Mycobacterium, Phialocephala
#F8766D	0.766044443118978	-0.866025403784439	-0.642787609686539	0.499999999999999	negative	Paenibacillus, Phialocephala
#F8766D	0.64278760968654	-0.866025403784439	-0.766044443118978	0.499999999999999	negative	Pedobacter, Phialocephala
#F8766D	0.5	-0.866025403784439	-0.866025403784439	0.499999999999999	negative	Pseudomonas, Phialocephala
#F8766D	0.342020143325669	-0.866025403784439	-0.939692620785908	0.499999999999999	negative	Rhizobium, Phialocephala
#00BFC4	1.22460635382238e-16	-0.866025403784439	-1	0.499999999999999	positive	Sphingomonas, Phialocephala
#00BFC4	-0.5	-0.866025403784439	-0.866025403784439	0.499999999999999	positive	Cenococcum, Phialocephala
#F8766D	-0.642787609686539	-0.866025403784439	-0.766044443118978	0.499999999999999	negative	Chaetomium, Phialocephala
#00BFC4	-0.866025403784438	-0.866025403784439	-0.5	0.499999999999999	positive	Inocybe, Phialocephala
#00BFC4	-0.939692620785909	-0.866025403784439	-0.342020143325669	0.499999999999999	positive	Metarhizium, Phialocephala
#F8766D	-0.984807753012208	-0.866025403784439	-0.17364817766693	0.499999999999999	negative	Mortierella, Phialocephala
#F8766D	-0.984807753012208	-0.866025403784439	0.17364817766693	0.499999999999999	negative	Ovicillium, Phialocephala
#00BFC4	-0.939692620785908	-0.866025403784439	0.342020143325669	0.499999999999999	positive	Penicillium, Phialocephala
#00BFC4	0	-0.766044443118978	1	0.642787609686539	positive	Bacillus, Russula
#00BFC4	0.17364817766693	-0.766044443118978	0.984807753012208	0.642787609686539	positive	Bradyrhizobium, Russula
#F8766D	0.342020143325669	-0.766044443118978	0.939692620785909	0.642787609686539	negative	Burkholderia, Russula
#F8766D	0.5	-0.766044443118978	0.866025403784439	0.642787609686539	negative	Cellvibrio, Russula
#F8766D	0.642787609686539	-0.766044443118978	0.766044443118978	0.642787609686539	negative	Chitinophaga, Russula
#F8766D	0.766044443118978	-0.766044443118978	0.642787609686539	0.642787609686539	negative	Flavobacterium, Russula
#00BFC4	0.866025403784439	-0.766044443118978	0.5	0.642787609686539	positive	Gp16, Russula
#00BFC4	0.939692620785908	-0.766044443118978	0.342020143325669	0.642787609686539	positive	Gp6, Russula
#F8766D	0.984807753012208	-0.766044443118978	0.17364817766693	0.642787609686539	negative	Kaistia, Russula
#F8766D	1	-0.766044443118978	6.12303176911189e-17	0.642787609686539	negative	Labrys, Russula
#F8766D	0.984807753012208	-0.766044443118978	-0.17364817766693	0.642787609686539	negative	Luteibacter, Russula
#F8766D	0.939692620785909	-0.766044443118978	-0.342020143325669	0.642787609686539	negative	Mucilaginibacter, Russula
#F8766D	0.766044443118978	-0.766044443118978	-0.642787609686539	0.642787609686539	negative	Paenibacillus, Russula
#F8766D	0.64278760968654	-0.766044443118978	-0.766044443118978	0.642787609686539	negative	Pedobacter, Russula
#F8766D	0.5	-0.766044443118978	-0.866025403784439	0.642787609686539	negative	Pseudomonas, Russula
#F8766D	0.342020143325669	-0.766044443118978	-0.939692620785908	0.642787609686539	negative	Rhizobium, Russula
#00BFC4	0.17364817766693	-0.766044443118978	-0.984807753012208	0.642787609686539	positive	Spartobacteria_genera_incertae_sedis, Russula
#F8766D	1.22460635382238e-16	-0.766044443118978	-1	0.642787609686539	negative	Sphingomonas, Russula
#00BFC4	-0.17364817766693	-0.766044443118978	-0.984807753012208	0.642787609686539	positive	Absidia, Russula
#00BFC4	-0.342020143325669	-0.766044443118978	-0.939692620785909	0.642787609686539	positive	Amphinema, Russula
#00BFC4	-0.5	-0.766044443118978	-0.866025403784439	0.642787609686539	positive	Cenococcum, Russula
#F8766D	-0.642787609686539	-0.766044443118978	-0.766044443118978	0.642787609686539	negative	Chaetomium, Russula
#F8766D	-0.766044443118978	-0.766044443118978	-0.64278760968654	0.642787609686539	negative	Cryptococcus, Russula
#00BFC4	-0.866025403784438	-0.766044443118978	-0.5	0.642787609686539	positive	Inocybe, Russula
#F8766D	-0.939692620785909	-0.766044443118978	-0.342020143325669	0.642787609686539	negative	Metarhizium, Russula
#F8766D	-0.984807753012208	-0.766044443118978	-0.17364817766693	0.642787609686539	negative	Mortierella, Russula
#F8766D	-0.984807753012208	-0.766044443118978	0.17364817766693	0.642787609686539	negative	Ovicillium, Russula
#00BFC4	-0.939692620785908	-0.766044443118978	0.342020143325669	0.642787609686539	positive	Penicillium, Russula
#00BFC4	-0.866025403784439	-0.766044443118978	0.499999999999999	0.642787609686539	positive	Phialocephala, Russula
#00BFC4	0.17364817766693	-0.64278760968654	0.984807753012208	0.766044443118978	positive	Bradyrhizobium, Tomentella
#F8766D	0.342020143325669	-0.64278760968654	0.939692620785909	0.766044443118978	negative	Burkholderia, Tomentella
#00BFC4	0.866025403784439	-0.64278760968654	0.5	0.766044443118978	positive	Gp16, Tomentella
#00BFC4	0.939692620785908	-0.64278760968654	0.342020143325669	0.766044443118978	positive	Gp6, Tomentella
#F8766D	1	-0.64278760968654	6.12303176911189e-17	0.766044443118978	negative	Labrys, Tomentella
#F8766D	0.984807753012208	-0.64278760968654	-0.17364817766693	0.766044443118978	negative	Luteibacter, Tomentella
#F8766D	0.939692620785909	-0.64278760968654	-0.342020143325669	0.766044443118978	negative	Mucilaginibacter, Tomentella
#F8766D	0.64278760968654	-0.64278760968654	-0.766044443118978	0.766044443118978	negative	Pedobacter, Tomentella
#F8766D	0.5	-0.64278760968654	-0.866025403784439	0.766044443118978	negative	Pseudomonas, Tomentella
#F8766D	0.342020143325669	-0.64278760968654	-0.939692620785908	0.766044443118978	negative	Rhizobium, Tomentella
#00BFC4	0.17364817766693	-0.64278760968654	-0.984807753012208	0.766044443118978	positive	Spartobacteria_genera_incertae_sedis, Tomentella
#F8766D	1.22460635382238e-16	-0.64278760968654	-1	0.766044443118978	negative	Sphingomonas, Tomentella
#00BFC4	-0.342020143325669	-0.64278760968654	-0.939692620785909	0.766044443118978	positive	Amphinema, Tomentella
#00BFC4	-0.5	-0.64278760968654	-0.866025403784439	0.766044443118978	positive	Cenococcum, Tomentella
#F8766D	-0.642787609686539	-0.64278760968654	-0.766044443118978	0.766044443118978	negative	Chaetomium, Tomentella
#F8766D	-0.766044443118978	-0.64278760968654	-0.64278760968654	0.766044443118978	negative	Cryptococcus, Tomentella
#00BFC4	-0.866025403784438	-0.64278760968654	-0.5	0.766044443118978	positive	Inocybe, Tomentella
#F8766D	-0.939692620785909	-0.64278760968654	-0.342020143325669	0.766044443118978	negative	Metarhizium, Tomentella
#00BFC4	-0.984807753012208	-0.64278760968654	-0.17364817766693	0.766044443118978	positive	Mortierella, Tomentella
#00BFC4	-0.939692620785908	-0.64278760968654	0.342020143325669	0.766044443118978	positive	Penicillium, Tomentella
#F8766D	-0.866025403784439	-0.64278760968654	0.499999999999999	0.766044443118978	negative	Phialocephala, Tomentella
#00BFC4	-0.766044443118978	-0.64278760968654	0.642787609686539	0.766044443118978	positive	Russula, Tomentella
#F8766D	0	-0.5	1	0.866025403784439	negative	Bacillus, Trichoderma
#F8766D	0.17364817766693	-0.5	0.984807753012208	0.866025403784439	negative	Bradyrhizobium, Trichoderma
#00BFC4	0.342020143325669	-0.5	0.939692620785909	0.866025403784439	positive	Burkholderia, Trichoderma
#00BFC4	0.5	-0.5	0.866025403784439	0.866025403784439	positive	Cellvibrio, Trichoderma
#00BFC4	0.642787609686539	-0.5	0.766044443118978	0.866025403784439	positive	Chitinophaga, Trichoderma
#F8766D	0.866025403784439	-0.5	0.5	0.866025403784439	negative	Gp16, Trichoderma
#F8766D	0.939692620785908	-0.5	0.342020143325669	0.866025403784439	negative	Gp6, Trichoderma
#00BFC4	0.984807753012208	-0.5	0.17364817766693	0.866025403784439	positive	Kaistia, Trichoderma
#00BFC4	1	-0.5	6.12303176911189e-17	0.866025403784439	positive	Labrys, Trichoderma
#00BFC4	0.984807753012208	-0.5	-0.17364817766693	0.866025403784439	positive	Luteibacter, Trichoderma
#00BFC4	0.939692620785909	-0.5	-0.342020143325669	0.866025403784439	positive	Mucilaginibacter, Trichoderma
#00BFC4	0.64278760968654	-0.5	-0.766044443118978	0.866025403784439	positive	Pedobacter, Trichoderma
#00BFC4	0.5	-0.5	-0.866025403784439	0.866025403784439	positive	Pseudomonas, Trichoderma
#00BFC4	0.342020143325669	-0.5	-0.939692620785908	0.866025403784439	positive	Rhizobium, Trichoderma
#F8766D	0.17364817766693	-0.5	-0.984807753012208	0.866025403784439	negative	Spartobacteria_genera_incertae_sedis, Trichoderma
#00BFC4	1.22460635382238e-16	-0.5	-1	0.866025403784439	positive	Sphingomonas, Trichoderma
#00BFC4	-0.17364817766693	-0.5	-0.984807753012208	0.866025403784439	positive	Absidia, Trichoderma
#F8766D	-0.342020143325669	-0.5	-0.939692620785909	0.866025403784439	negative	Amphinema, Trichoderma
#F8766D	-0.5	-0.5	-0.866025403784439	0.866025403784439	negative	Cenococcum, Trichoderma
#00BFC4	-0.642787609686539	-0.5	-0.766044443118978	0.866025403784439	positive	Chaetomium, Trichoderma
#00BFC4	-0.766044443118978	-0.5	-0.64278760968654	0.866025403784439	positive	Cryptococcus, Trichoderma
#F8766D	-0.866025403784438	-0.5	-0.5	0.866025403784439	negative	Inocybe, Trichoderma
#00BFC4	-0.939692620785909	-0.5	-0.342020143325669	0.866025403784439	positive	Metarhizium, Trichoderma
#00BFC4	-1	-0.5	-1.83690953073357e-16	0.866025403784439	positive	Mucor, Trichoderma
#00BFC4	-0.984807753012208	-0.5	0.17364817766693	0.866025403784439	positive	Ovicillium, Trichoderma
#F8766D	-0.939692620785908	-0.5	0.342020143325669	0.866025403784439	negative	Penicillium, Trichoderma
#F8766D	-0.766044443118978	-0.5	0.642787609686539	0.866025403784439	negative	Russula, Trichoderma
#F8766D	-0.64278760968654	-0.5	0.766044443118978	0.866025403784439	negative	Tomentella, Trichoderma
#00BFC4	0	-0.342020143325669	1	0.939692620785909	positive	Bacillus, Umbelopsis
#00BFC4	0.17364817766693	-0.342020143325669	0.984807753012208	0.939692620785909	positive	Bradyrhizobium, Umbelopsis
#F8766D	0.342020143325669	-0.342020143325669	0.939692620785909	0.939692620785909	negative	Burkholderia, Umbelopsis
#F8766D	0.5	-0.342020143325669	0.866025403784439	0.939692620785909	negative	Cellvibrio, Umbelopsis
#F8766D	0.642787609686539	-0.342020143325669	0.766044443118978	0.939692620785909	negative	Chitinophaga, Umbelopsis
#F8766D	0.766044443118978	-0.342020143325669	0.642787609686539	0.939692620785909	negative	Flavobacterium, Umbelopsis
#00BFC4	0.866025403784439	-0.342020143325669	0.5	0.939692620785909	positive	Gp16, Umbelopsis
#00BFC4	0.939692620785908	-0.342020143325669	0.342020143325669	0.939692620785909	positive	Gp6, Umbelopsis
#F8766D	0.984807753012208	-0.342020143325669	0.17364817766693	0.939692620785909	negative	Kaistia, Umbelopsis
#F8766D	1	-0.342020143325669	6.12303176911189e-17	0.939692620785909	negative	Labrys, Umbelopsis
#F8766D	0.984807753012208	-0.342020143325669	-0.17364817766693	0.939692620785909	negative	Luteibacter, Umbelopsis
#F8766D	0.939692620785909	-0.342020143325669	-0.342020143325669	0.939692620785909	negative	Mucilaginibacter, Umbelopsis
#F8766D	0.866025403784439	-0.342020143325669	-0.5	0.939692620785909	negative	Mycobacterium, Umbelopsis
#F8766D	0.766044443118978	-0.342020143325669	-0.642787609686539	0.939692620785909	negative	Paenibacillus, Umbelopsis
#F8766D	0.64278760968654	-0.342020143325669	-0.766044443118978	0.939692620785909	negative	Pedobacter, Umbelopsis
#F8766D	0.5	-0.342020143325669	-0.866025403784439	0.939692620785909	negative	Pseudomonas, Umbelopsis
#F8766D	0.342020143325669	-0.342020143325669	-0.939692620785908	0.939692620785909	negative	Rhizobium, Umbelopsis
#00BFC4	0.17364817766693	-0.342020143325669	-0.984807753012208	0.939692620785909	positive	Spartobacteria_genera_incertae_sedis, Umbelopsis
#F8766D	1.22460635382238e-16	-0.342020143325669	-1	0.939692620785909	negative	Sphingomonas, Umbelopsis
#00BFC4	-0.17364817766693	-0.342020143325669	-0.984807753012208	0.939692620785909	positive	Absidia, Umbelopsis
#00BFC4	-0.342020143325669	-0.342020143325669	-0.939692620785909	0.939692620785909	positive	Amphinema, Umbelopsis
#00BFC4	-0.5	-0.342020143325669	-0.866025403784439	0.939692620785909	positive	Cenococcum, Umbelopsis
#F8766D	-0.642787609686539	-0.342020143325669	-0.766044443118978	0.939692620785909	negative	Chaetomium, Umbelopsis
#F8766D	-0.766044443118978	-0.342020143325669	-0.64278760968654	0.939692620785909	negative	Cryptococcus, Umbelopsis
#00BFC4	-0.866025403784438	-0.342020143325669	-0.5	0.939692620785909	positive	Inocybe, Umbelopsis
#F8766D	-0.939692620785909	-0.342020143325669	-0.342020143325669	0.939692620785909	negative	Metarhizium, Umbelopsis
#F8766D	-0.984807753012208	-0.342020143325669	0.17364817766693	0.939692620785909	negative	Ovicillium, Umbelopsis
#00BFC4	-0.939692620785908	-0.342020143325669	0.342020143325669	0.939692620785909	positive	Penicillium, Umbelopsis
#00BFC4	-0.866025403784439	-0.342020143325669	0.499999999999999	0.939692620785909	positive	Phialocephala, Umbelopsis
#00BFC4	-0.766044443118978	-0.342020143325669	0.642787609686539	0.939692620785909	positive	Russula, Umbelopsis
#00BFC4	-0.64278760968654	-0.342020143325669	0.766044443118978	0.939692620785909	positive	Tomentella, Umbelopsis
#F8766D	-0.5	-0.342020143325669	0.866025403784439	0.939692620785909	negative	Trichoderma, Umbelopsis
#00BFC4	0.17364817766693	-0.17364817766693	0.984807753012208	0.984807753012208	positive	Bradyrhizobium, Wilcoxina
#F8766D	0.5	-0.17364817766693	0.866025403784439	0.984807753012208	negative	Cellvibrio, Wilcoxina
#F8766D	0.766044443118978	-0.17364817766693	0.642787609686539	0.984807753012208	negative	Flavobacterium, Wilcoxina
#00BFC4	0.866025403784439	-0.17364817766693	0.5	0.984807753012208	positive	Gp16, Wilcoxina
#00BFC4	0.939692620785908	-0.17364817766693	0.342020143325669	0.984807753012208	positive	Gp6, Wilcoxina
#F8766D	0.984807753012208	-0.17364817766693	0.17364817766693	0.984807753012208	negative	Kaistia, Wilcoxina
#00BFC4	0.866025403784439	-0.17364817766693	-0.5	0.984807753012208	positive	Mycobacterium, Wilcoxina
#F8766D	0.5	-0.17364817766693	-0.866025403784439	0.984807753012208	negative	Pseudomonas, Wilcoxina
#F8766D	0.342020143325669	-0.17364817766693	-0.939692620785908	0.984807753012208	negative	Rhizobium, Wilcoxina
#F8766D	-0.17364817766693	-0.17364817766693	-0.984807753012208	0.984807753012208	negative	Absidia, Wilcoxina
#00BFC4	-0.5	-0.17364817766693	-0.866025403784439	0.984807753012208	positive	Cenococcum, Wilcoxina
#00BFC4	-0.866025403784438	-0.17364817766693	-0.5	0.984807753012208	positive	Inocybe, Wilcoxina
#00BFC4	-0.939692620785909	-0.17364817766693	-0.342020143325669	0.984807753012208	positive	Metarhizium, Wilcoxina
#F8766D	-0.984807753012208	-0.17364817766693	-0.17364817766693	0.984807753012208	negative	Mortierella, Wilcoxina
#F8766D	-1	-0.17364817766693	-1.83690953073357e-16	0.984807753012208	negative	Mucor, Wilcoxina
#00BFC4	-0.939692620785908	-0.17364817766693	0.342020143325669	0.984807753012208	positive	Penicillium, Wilcoxina
#00BFC4	-0.866025403784439	-0.17364817766693	0.499999999999999	0.984807753012208	positive	Phialocephala, Wilcoxina
#F8766D	-0.64278760968654	-0.17364817766693	0.766044443118978	0.984807753012208	negative	Tomentella, Wilcoxina
